Workbook

Sheet Jun2026_Settled
A1: KXHMONTH-26JUN — “Will June 2026 be the hottest June ever?” | SETTLED NO · full post-mortem & model scorecard
A2: RESULT: NOAA printed 1.09 for June 2026 · the 1.18 record (June 2024) stood · YES settled worthless, NO paid $1.00
A3: Observed days k | C3: ERA5 June mean | E3: Model P(YES) | G3: Predicted NOAA | I3: ACTUAL NOAA | K3: Residual | M3: OUTCOME
A4: =$C$83 | C4: =$C$89 | E4: =$C$100 | G4: =$C$94 | I4: =$C$166 | K4: =$C$167 | M4: =$C$174
A5: This is the SETTLED June market, filled with real data end-to-end: 30 observed ERA5 days, the archived ECMWF run, the live Kalshi price path, and the actual account fills. Same template as the August workbook.
A6: BLOCK 1 — SETTLEMENT & TRANSLATION CONSTANTS (settlement constants hard-coded; translation regressed live from Block 7)
A7: Contract (Kalshi ticker) | C7: KXHMONTH-26JUN
A8: Exchange | C8: Kalshi (CFTC-regulated DCM)
A9: Settlement oracle | C9: NOAA NCEI ‘Climate at a Glance’ — GLOBAL land+ocean monthly anomaly
A10: NOAA baseline | C10: 1901–2000 (settlement baseline)
A11: ERA5 baseline | C11: 1991–2020 (deterministic offset — absorbed by the OLS, not signal)
A12: Quantity | C12: Global, cos-latitude-weighted 2 m temperature MONTHLY MEAN
A13: Days in month (D) | C13: 30
A15: Settlement thresholds
A16: June record (printed) | C16: 1.18 | E16: June 2024 (NOAA). This record STOOD.
A17: Latent threshold (YES iff latent ≥) | C17: 1.185 | E17: Printed had to be ≥1.19. It printed 1.09 — never close.
A18: Tie-band low (latent) | C18: 1.175 | E18: Latent 1.175–1.185 would print 1.18 → tie → settles NO.
A19: Tie clause | C19: NONE — a printed tie (1.18) settles NO
A21: ERA5 → NOAA June translation (computed live from Block 7)
A22: a (intercept) | C22: =INTERCEPT($C$243:$C$278,$B$243:$B$278) | E22: formula: INTERCEPT(NOAA_Jun, ERA5_Jun) over Block 7
A23: b (slope) | C23: =SLOPE($C$243:$C$278,$B$243:$B$278) | E23: formula: SLOPE(...) — absorbs the deterministic baseline offset
A24: σ_translation (residual) | C24: =STEYX($C$243:$C$278,$B$243:$B$278) | E24: formula: STEYX(...) — irreducible translation scatter
A25: n (years in fit) | C25: =COUNT($B$243:$B$278)
A26: K_threshold on ERA5 scale = (latent−a)/b | C26: =($C$17-$C$22)/$C$23
A28: Variance collapse — σ_NOAA by observed-day count k (empirical; slower than 1/√(days left) because regimes persist)
A29: k (observed days) | C29: sd_f (ERA5 scale) | D29: ref (offline) | E29: σ_NOAA
A30: 2 | C30: =IFERROR(INDEX(LINEST($B$243:$B$278,$E$243:$F$278),3,2),$D$30) | D30: 0.0738 | E30: =IFERROR(SQRT(($C$23*$C$30)^2+$C$24^2),"") | G30: sd_f = LINEST std-error of ERA5_Jun ~ ERA5_May + Jun_first-k · σ_NOAA = √((b·sd_f)²+σ_trans²)
A31: 5 | C31: =IFERROR(INDEX(LINEST($B$243:$B$278,$G$243:$H$278),3,2),$D$31) | D31: 0.0697 | E31: =IFERROR(SQRT(($C$23*$C$31)^2+$C$24^2),"") | G31: ‘ref (offline)’ = same regression computed outside Excel from the same rows; used only if LINEST is unavailable.
A32: 10 | C32: =IFERROR(INDEX(LINEST($B$243:$B$278,$I$243:$J$278),3,2),$D$32) | D32: 0.0535 | E32: =IFERROR(SQRT(($C$23*$C$32)^2+$C$24^2),"")
A33: 15 | C33: =IFERROR(INDEX(LINEST($B$243:$B$278,$K$243:$L$278),3,2),$D$33) | D33: 0.0387 | E33: =IFERROR(SQRT(($C$23*$C$33)^2+$C$24^2),"")
A34: 20 | C34: =IFERROR(INDEX(LINEST($B$243:$B$278,$M$243:$N$278),3,2),$D$34) | D34: 0.0271 | E34: =IFERROR(SQRT(($C$23*$C$34)^2+$C$24^2),"")
A35: 25 | C35: =IFERROR(INDEX(LINEST($B$243:$B$278,$O$243:$P$278),3,2),$D$35) | D35: 0.0152 | E35: =IFERROR(SQRT(($C$23*$C$35)^2+$C$24^2),"")
A36: 30 | C36: 0 | D36: 0 | E36: =IFERROR(SQRT(($C$23*$C$36)^2+$C$24^2),"") | G36: k=30: month fully observed → forecast error 0 by definition
A38: External indices & model settings
A39: ONI (CPC, AMJ 2026) | C39: 1 | E39: El Niño ramping through the June window.
A40: GISTEMP June record (printed) | C40: 1.24 | E40: NASA GISTEMP — Polymarket oracle (different dataset & baseline).
A41: GISTEMP latent threshold | C41: 1.235 | E41: Polymarket brackets: ties count INTO the bracket.
A42: GISTEMP a / b / σ | C42: 0.5839 | E42: 0.9482 | G42: 0.0474 | I42: OLS GISTEMP_Jun ~ ERA5_Jun, n=36.
A43: GISTEMP June 2026 actual | C43: 1.18 | E43: ⚠ From project notes (CLAUDE.md), NOT in the local gistemp.txt vintage (ends 05/2026). Verify at NASA before relying on it.
A44: ρ forecast-error correlation mix | C44: 0.6 | E44: Pipeline convention. Irrelevant here (0 remaining days) but kept for template parity.
A45: Climatology reference (5-yr mean ERA5 June) | C45: =AVERAGE($B$274:$B$278) | E45: Benchmark for forecast skill in Block 5.
A47: BLOCK 2 — DAILY TABLE (Jun 1–30) — FILLED with real data
A48: Col B = real ERA5 observed daily global-mean anomaly (all 30 days FINAL). Cols D–G = archived ECMWF IFS run retrieved from Open-Meteo Historical-Forecast API on a 15° cos-weighted grid — see the caveat in Block 5. GFS/GEFS were never archived for June, so cols H–J are legitimately blank.
A49: Date | B49: ERA5 obs anomaly °C | C49: status | D49: ECMWF arch. mean °C | E49: ENS spread σ °C | F49: ENS min | G49: ENS max | H49: GFS °C | I49: GEFS mean °C | J49: GEFS σ | K49: USED (obs→fcst) | L49: Running MTD (banked) | M49: Err ENS (obs−fcst) | N49: Err GFS | O49: Err GEFS | P49: fcst for remaining | Q49: |e|ENS | R49: e²ENS | S49: |e|GFS | T49: e²GFS | U49: |e|GEFS | V49: e²GEFS | W49: (obs−clim)² | X49: ENS σ remaining
A50: 46174 | B50: 0.536 | C50: FINAL | D50: 0.6625 | K50: =IF(ISNUMBER($B50),$B50,IF(ISNUMBER($D50),$D50,"")) | L50: =IF(COUNT($B$50:$B50)=0,"",AVERAGE($B$50:$B50)) | M50: =IF(AND(ISNUMBER($B50),ISNUMBER($D50)),$B50-$D50,"") | N50: =IF(AND(ISNUMBER($B50),ISNUMBER($H50)),$B50-$H50,"") | O50: =IF(AND(ISNUMBER($B50),ISNUMBER($I50)),$B50-$I50,"") | P50: =IF(AND($B50="",ISNUMBER($D50)),$D50,"") | Q50: =IF(ISNUMBER($M50),ABS($M50),"") | R50: =IF(ISNUMBER($M50),$M50^2,"") | S50: =IF(ISNUMBER($N50),ABS($N50),"") | T50: =IF(ISNUMBER($N50),$N50^2,"") | U50: =IF(ISNUMBER($O50),ABS($O50),"") | V50: =IF(ISNUMBER($O50),$O50^2,"") | W50: =IF(ISNUMBER($B50),($B50-$C$45)^2,"") | X50: =IF(AND($B50="",ISNUMBER($E50)),$E50,"")
A51: 46175 | B51: 0.567 | C51: FINAL | D51: 0.7454 | K51: =IF(ISNUMBER($B51),$B51,IF(ISNUMBER($D51),$D51,"")) | L51: =IF(COUNT($B$50:$B51)=0,"",AVERAGE($B$50:$B51)) | M51: =IF(AND(ISNUMBER($B51),ISNUMBER($D51)),$B51-$D51,"") | N51: =IF(AND(ISNUMBER($B51),ISNUMBER($H51)),$B51-$H51,"") | O51: =IF(AND(ISNUMBER($B51),ISNUMBER($I51)),$B51-$I51,"") | P51: =IF(AND($B51="",ISNUMBER($D51)),$D51,"") | Q51: =IF(ISNUMBER($M51),ABS($M51),"") | R51: =IF(ISNUMBER($M51),$M51^2,"") | S51: =IF(ISNUMBER($N51),ABS($N51),"") | T51: =IF(ISNUMBER($N51),$N51^2,"") | U51: =IF(ISNUMBER($O51),ABS($O51),"") | V51: =IF(ISNUMBER($O51),$O51^2,"") | W51: =IF(ISNUMBER($B51),($B51-$C$45)^2,"") | X51: =IF(AND($B51="",ISNUMBER($E51)),$E51,"")
A52: 46176 | B52: 0.608 | C52: FINAL | D52: 0.687 | K52: =IF(ISNUMBER($B52),$B52,IF(ISNUMBER($D52),$D52,"")) | L52: =IF(COUNT($B$50:$B52)=0,"",AVERAGE($B$50:$B52)) | M52: =IF(AND(ISNUMBER($B52),ISNUMBER($D52)),$B52-$D52,"") | N52: =IF(AND(ISNUMBER($B52),ISNUMBER($H52)),$B52-$H52,"") | O52: =IF(AND(ISNUMBER($B52),ISNUMBER($I52)),$B52-$I52,"") | P52: =IF(AND($B52="",ISNUMBER($D52)),$D52,"") | Q52: =IF(ISNUMBER($M52),ABS($M52),"") | R52: =IF(ISNUMBER($M52),$M52^2,"") | S52: =IF(ISNUMBER($N52),ABS($N52),"") | T52: =IF(ISNUMBER($N52),$N52^2,"") | U52: =IF(ISNUMBER($O52),ABS($O52),"") | V52: =IF(ISNUMBER($O52),$O52^2,"") | W52: =IF(ISNUMBER($B52),($B52-$C$45)^2,"") | X52: =IF(AND($B52="",ISNUMBER($E52)),$E52,"")
A53: 46177 | B53: 0.611 | C53: FINAL | D53: 0.5874 | K53: =IF(ISNUMBER($B53),$B53,IF(ISNUMBER($D53),$D53,"")) | L53: =IF(COUNT($B$50:$B53)=0,"",AVERAGE($B$50:$B53)) | M53: =IF(AND(ISNUMBER($B53),ISNUMBER($D53)),$B53-$D53,"") | N53: =IF(AND(ISNUMBER($B53),ISNUMBER($H53)),$B53-$H53,"") | O53: =IF(AND(ISNUMBER($B53),ISNUMBER($I53)),$B53-$I53,"") | P53: =IF(AND($B53="",ISNUMBER($D53)),$D53,"") | Q53: =IF(ISNUMBER($M53),ABS($M53),"") | R53: =IF(ISNUMBER($M53),$M53^2,"") | S53: =IF(ISNUMBER($N53),ABS($N53),"") | T53: =IF(ISNUMBER($N53),$N53^2,"") | U53: =IF(ISNUMBER($O53),ABS($O53),"") | V53: =IF(ISNUMBER($O53),$O53^2,"") | W53: =IF(ISNUMBER($B53),($B53-$C$45)^2,"") | X53: =IF(AND($B53="",ISNUMBER($E53)),$E53,"")
A54: 46178 | B54: 0.605 | C54: FINAL | D54: 0.6847 | K54: =IF(ISNUMBER($B54),$B54,IF(ISNUMBER($D54),$D54,"")) | L54: =IF(COUNT($B$50:$B54)=0,"",AVERAGE($B$50:$B54)) | M54: =IF(AND(ISNUMBER($B54),ISNUMBER($D54)),$B54-$D54,"") | N54: =IF(AND(ISNUMBER($B54),ISNUMBER($H54)),$B54-$H54,"") | O54: =IF(AND(ISNUMBER($B54),ISNUMBER($I54)),$B54-$I54,"") | P54: =IF(AND($B54="",ISNUMBER($D54)),$D54,"") | Q54: =IF(ISNUMBER($M54),ABS($M54),"") | R54: =IF(ISNUMBER($M54),$M54^2,"") | S54: =IF(ISNUMBER($N54),ABS($N54),"") | T54: =IF(ISNUMBER($N54),$N54^2,"") | U54: =IF(ISNUMBER($O54),ABS($O54),"") | V54: =IF(ISNUMBER($O54),$O54^2,"") | W54: =IF(ISNUMBER($B54),($B54-$C$45)^2,"") | X54: =IF(AND($B54="",ISNUMBER($E54)),$E54,"")
A55: 46179 | B55: 0.651 | C55: FINAL | D55: 0.7047 | K55: =IF(ISNUMBER($B55),$B55,IF(ISNUMBER($D55),$D55,"")) | L55: =IF(COUNT($B$50:$B55)=0,"",AVERAGE($B$50:$B55)) | M55: =IF(AND(ISNUMBER($B55),ISNUMBER($D55)),$B55-$D55,"") | N55: =IF(AND(ISNUMBER($B55),ISNUMBER($H55)),$B55-$H55,"") | O55: =IF(AND(ISNUMBER($B55),ISNUMBER($I55)),$B55-$I55,"") | P55: =IF(AND($B55="",ISNUMBER($D55)),$D55,"") | Q55: =IF(ISNUMBER($M55),ABS($M55),"") | R55: =IF(ISNUMBER($M55),$M55^2,"") | S55: =IF(ISNUMBER($N55),ABS($N55),"") | T55: =IF(ISNUMBER($N55),$N55^2,"") | U55: =IF(ISNUMBER($O55),ABS($O55),"") | V55: =IF(ISNUMBER($O55),$O55^2,"") | W55: =IF(ISNUMBER($B55),($B55-$C$45)^2,"") | X55: =IF(AND($B55="",ISNUMBER($E55)),$E55,"")
A56: 46180 | B56: 0.653 | C56: FINAL | D56: 0.8007 | K56: =IF(ISNUMBER($B56),$B56,IF(ISNUMBER($D56),$D56,"")) | L56: =IF(COUNT($B$50:$B56)=0,"",AVERAGE($B$50:$B56)) | M56: =IF(AND(ISNUMBER($B56),ISNUMBER($D56)),$B56-$D56,"") | N56: =IF(AND(ISNUMBER($B56),ISNUMBER($H56)),$B56-$H56,"") | O56: =IF(AND(ISNUMBER($B56),ISNUMBER($I56)),$B56-$I56,"") | P56: =IF(AND($B56="",ISNUMBER($D56)),$D56,"") | Q56: =IF(ISNUMBER($M56),ABS($M56),"") | R56: =IF(ISNUMBER($M56),$M56^2,"") | S56: =IF(ISNUMBER($N56),ABS($N56),"") | T56: =IF(ISNUMBER($N56),$N56^2,"") | U56: =IF(ISNUMBER($O56),ABS($O56),"") | V56: =IF(ISNUMBER($O56),$O56^2,"") | W56: =IF(ISNUMBER($B56),($B56-$C$45)^2,"") | X56: =IF(AND($B56="",ISNUMBER($E56)),$E56,"")
A57: 46181 | B57: 0.646 | C57: FINAL | D57: 0.7268 | K57: =IF(ISNUMBER($B57),$B57,IF(ISNUMBER($D57),$D57,"")) | L57: =IF(COUNT($B$50:$B57)=0,"",AVERAGE($B$50:$B57)) | M57: =IF(AND(ISNUMBER($B57),ISNUMBER($D57)),$B57-$D57,"") | N57: =IF(AND(ISNUMBER($B57),ISNUMBER($H57)),$B57-$H57,"") | O57: =IF(AND(ISNUMBER($B57),ISNUMBER($I57)),$B57-$I57,"") | P57: =IF(AND($B57="",ISNUMBER($D57)),$D57,"") | Q57: =IF(ISNUMBER($M57),ABS($M57),"") | R57: =IF(ISNUMBER($M57),$M57^2,"") | S57: =IF(ISNUMBER($N57),ABS($N57),"") | T57: =IF(ISNUMBER($N57),$N57^2,"") | U57: =IF(ISNUMBER($O57),ABS($O57),"") | V57: =IF(ISNUMBER($O57),$O57^2,"") | W57: =IF(ISNUMBER($B57),($B57-$C$45)^2,"") | X57: =IF(AND($B57="",ISNUMBER($E57)),$E57,"")
A58: 46182 | B58: 0.607 | C58: FINAL | D58: 0.6995 | K58: =IF(ISNUMBER($B58),$B58,IF(ISNUMBER($D58),$D58,"")) | L58: =IF(COUNT($B$50:$B58)=0,"",AVERAGE($B$50:$B58)) | M58: =IF(AND(ISNUMBER($B58),ISNUMBER($D58)),$B58-$D58,"") | N58: =IF(AND(ISNUMBER($B58),ISNUMBER($H58)),$B58-$H58,"") | O58: =IF(AND(ISNUMBER($B58),ISNUMBER($I58)),$B58-$I58,"") | P58: =IF(AND($B58="",ISNUMBER($D58)),$D58,"") | Q58: =IF(ISNUMBER($M58),ABS($M58),"") | R58: =IF(ISNUMBER($M58),$M58^2,"") | S58: =IF(ISNUMBER($N58),ABS($N58),"") | T58: =IF(ISNUMBER($N58),$N58^2,"") | U58: =IF(ISNUMBER($O58),ABS($O58),"") | V58: =IF(ISNUMBER($O58),$O58^2,"") | W58: =IF(ISNUMBER($B58),($B58-$C$45)^2,"") | X58: =IF(AND($B58="",ISNUMBER($E58)),$E58,"")
A59: 46183 | B59: 0.596 | C59: FINAL | D59: 0.8535 | K59: =IF(ISNUMBER($B59),$B59,IF(ISNUMBER($D59),$D59,"")) | L59: =IF(COUNT($B$50:$B59)=0,"",AVERAGE($B$50:$B59)) | M59: =IF(AND(ISNUMBER($B59),ISNUMBER($D59)),$B59-$D59,"") | N59: =IF(AND(ISNUMBER($B59),ISNUMBER($H59)),$B59-$H59,"") | O59: =IF(AND(ISNUMBER($B59),ISNUMBER($I59)),$B59-$I59,"") | P59: =IF(AND($B59="",ISNUMBER($D59)),$D59,"") | Q59: =IF(ISNUMBER($M59),ABS($M59),"") | R59: =IF(ISNUMBER($M59),$M59^2,"") | S59: =IF(ISNUMBER($N59),ABS($N59),"") | T59: =IF(ISNUMBER($N59),$N59^2,"") | U59: =IF(ISNUMBER($O59),ABS($O59),"") | V59: =IF(ISNUMBER($O59),$O59^2,"") | W59: =IF(ISNUMBER($B59),($B59-$C$45)^2,"") | X59: =IF(AND($B59="",ISNUMBER($E59)),$E59,"")
A60: 46184 | B60: 0.622 | C60: FINAL | D60: 0.7588 | K60: =IF(ISNUMBER($B60),$B60,IF(ISNUMBER($D60),$D60,"")) | L60: =IF(COUNT($B$50:$B60)=0,"",AVERAGE($B$50:$B60)) | M60: =IF(AND(ISNUMBER($B60),ISNUMBER($D60)),$B60-$D60,"") | N60: =IF(AND(ISNUMBER($B60),ISNUMBER($H60)),$B60-$H60,"") | O60: =IF(AND(ISNUMBER($B60),ISNUMBER($I60)),$B60-$I60,"") | P60: =IF(AND($B60="",ISNUMBER($D60)),$D60,"") | Q60: =IF(ISNUMBER($M60),ABS($M60),"") | R60: =IF(ISNUMBER($M60),$M60^2,"") | S60: =IF(ISNUMBER($N60),ABS($N60),"") | T60: =IF(ISNUMBER($N60),$N60^2,"") | U60: =IF(ISNUMBER($O60),ABS($O60),"") | V60: =IF(ISNUMBER($O60),$O60^2,"") | W60: =IF(ISNUMBER($B60),($B60-$C$45)^2,"") | X60: =IF(AND($B60="",ISNUMBER($E60)),$E60,"")
A61: 46185 | B61: 0.6 | C61: FINAL | D61: 0.7158 | K61: =IF(ISNUMBER($B61),$B61,IF(ISNUMBER($D61),$D61,"")) | L61: =IF(COUNT($B$50:$B61)=0,"",AVERAGE($B$50:$B61)) | M61: =IF(AND(ISNUMBER($B61),ISNUMBER($D61)),$B61-$D61,"") | N61: =IF(AND(ISNUMBER($B61),ISNUMBER($H61)),$B61-$H61,"") | O61: =IF(AND(ISNUMBER($B61),ISNUMBER($I61)),$B61-$I61,"") | P61: =IF(AND($B61="",ISNUMBER($D61)),$D61,"") | Q61: =IF(ISNUMBER($M61),ABS($M61),"") | R61: =IF(ISNUMBER($M61),$M61^2,"") | S61: =IF(ISNUMBER($N61),ABS($N61),"") | T61: =IF(ISNUMBER($N61),$N61^2,"") | U61: =IF(ISNUMBER($O61),ABS($O61),"") | V61: =IF(ISNUMBER($O61),$O61^2,"") | W61: =IF(ISNUMBER($B61),($B61-$C$45)^2,"") | X61: =IF(AND($B61="",ISNUMBER($E61)),$E61,"")
... A79: 46203 | B79: 0.635 | C79: FINAL | D79: 0.6909 | K79: =IF(ISNUMBER($B79),$B79,IF(ISNUMBER($D79),$D79,"")) | L79: =IF(COUNT($B$50:$B79)=0,"",AVERAGE($B$50:$B79)) | M79: =IF(AND(ISNUMBER($B79),ISNUMBER($D79)),$B79-$D79,"") | N79: =IF(AND(ISNUMBER($B79),ISNUMBER($H79)),$B79-$H79,"") | O79: =IF(AND(ISNUMBER($B79),ISNUMBER($I79)),$B79-$I79,"") | P79: =IF(AND($B79="",ISNUMBER($D79)),$D79,"") | Q79: =IF(ISNUMBER($M79),ABS($M79),"") | R79: =IF(ISNUMBER($M79),$M79^2,"") | S79: =IF(ISNUMBER($N79),ABS($N79),"") | T79: =IF(ISNUMBER($N79),$N79^2,"") | U79: =IF(ISNUMBER($O79),ABS($O79),"") | V79: =IF(ISNUMBER($O79),$O79^2,"") | W79: =IF(ISNUMBER($B79),($B79-$C$45)^2,"") | X79: =IF(AND($B79="",ISNUMBER($E79)),$E79,"")
A80: ↑ GREEN = real data filled. YELLOW = genuinely unavailable for June (never archived) — left blank, not invented.
A82: BLOCK 3 — MONTH BUILD & PROBABILITY (the engine, at k=30 = month complete)
A83: k — observed days | C83: =COUNT($B$50:$B$79) | E83: All 30 days observed → month fully banked.
A84: Banked sum Σ observed | C84: =SUM($B$50:$B$79)
A85: Banked mean B_k | C85: =IF($C$83=0,"",$C$84/$C$83) | E85: equals the final ERA5 June mean.
A86: Remaining days | C86: =$C$13-$C$83 | E86: Zero — nothing left to forecast.
A87: Remaining-days forecast mean R | C87: =IFERROR(AVERAGE($P$50:$P$79),"") | E87: Empty by construction (no remaining days).
A88: Days covered (obs + forecast) | C88: =COUNT($K$50:$K$79)
A89: FULL-MONTH ERA5 projection | C89: =IF($C$88=$C$13,SUM($K$50:$K$79)/$C$13,"") | E89: With k=30 this IS the realised ERA5 June mean.
A90: sd_f from variance collapse at k | C90: =IFERROR(INDEX($C$30:$C$36,MATCH($C$83,$A$30:$A$36,1)),INDEX($C$30:$C$36,1)) | E90: At k=30 forecast error is 0 by definition.
A91: Mean ENS spread over remaining days | C91: =IFERROR(AVERAGE($X$50:$X$79),"")
A92: ENS term = ρ · mean_spread · (D−k)/D | C92: =IFERROR($C$44*$C$91*$C$86/$C$13,0)
A93: σ_forecast = √(sd_f² + ENS_term²) | C93: =IFERROR(SQRT($C$90^2+$C$92^2),"") | E93: Collapses to 0 — all remaining uncertainty is gone.
A94: μ_NOAA = a + b · ERA5_projection ◀ THE MODEL'S CALL | C94: =IF($C$89="","",$C$22+$C$23*$C$89) | E94: This is what the model predicted NOAA would print.
A95: σ_total = √((b·σ_forecast)² + σ_translation²) | C95: =IF($C$89="","",SQRT(($C$23*$C$93)^2+$C$24^2)) | E95: At k=30 this equals σ_translation — the irreducible ERA5→NOAA scatter.
A96: z = (latent_threshold − μ)/σ_total | C96: =IF($C$94="","",($C$17-$C$94)/$C$95)
A97: P(YES) — single-path Normal | C97: =IF($C$96="","",1-NORMSDIST($C$96)) | E97: At k=30 this is the complete-information probability.
A98: Required remaining-day average (diagnostic) | C98: =IF(OR($C$83=0,$C$83>=$C$13),"",($C$13*$C$26-$C$84)/($C$13-$C$83)) | E98: Blank — no days remained.
A99: Tie-band probability (latent 1.175–1.185 → prints 1.18 → NO) | C99: =IF($C$94="","",NORMSDIST(($C$17-$C$94)/$C$95)-NORMSDIST(($C$18-$C$94)/$C$95))
A100: P(YES) — 51-MEMBER ENSEMBLE ◀ HEADLINE | C100: =IFERROR('ENS_members_raw'!$E$64,"") | E100: Degenerate at k=30 (see ENS tab) → equals the single-path value, correctly.
A101: P(YES) — GISTEMP (Polymarket cross-check) | C101: =IFERROR('ENS_members_raw'!$H$64,"")
A103: BLOCK 4 — MARKET & PROFITABILITY (snapshot: last session before the NOAA print)
A104: ⚠ Archived candles give CLOSE only — no historical bid/ask. Prices below use the close with ZERO assumed spread; real executable prices were ~1–3¢ worse, so the edges here are optimistic.
A105: Snapshot session | C105: Jul 08 | E105: Last full session before the NOAA release on Jul 9.
A106: Kalshi YES ask (¢) | C106: 8 | E106: equals that session's close (no spread assumed).
A107: Kalshi YES bid (¢) | C107: 8
A108: Kalshi NO ask (¢) | C108: 92 | E108: equals 100 minus the YES close.
A109: Kalshi NO bid (¢) | C109: 92
A110: Depth per side (contracts) | C110: 1500 | E110: Representative ~$1–3k book.
A111: Bankroll ($) | C111: 500
A112: Contracts n (for fee calc) | C112: 937 | E112: The net NO actually carried into settlement.
A113: Position (+NO / −YES, contracts) | C113: 937 | E113: Real: net NO held at settlement (account data).
A115: Market-implied P(YES) (from YES ask) | C115: =IF($C$106="","",$C$106/100)
A116: P_low — conservative for BUYING YES | C116: =IF(OR($C$100="",$C$97=""),"",MIN($C$100,$C$97))
A117: P_high — conservative for BUYING NO | C117: =IF(OR($C$100="",$C$97=""),"",MAX($C$100,$C$97))
A118: Fair YES (conservative) ¢ | C118: =IF($C$116="","",$C$116*100)
A119: Fair NO (conservative) ¢ | C119: =IF($C$117="","",(1-$C$117)*100)
A120: EDGE YES = fair_YES − YES_ask (¢) | C120: =IF(OR($C$118="",$C$106=""),"",$C$118-$C$106)
A121: EDGE NO = fair_NO − NO_ask (¢) | C121: =IF(OR($C$119="",$C$108=""),"",$C$119-$C$108) | E121: Positive = the longshot premium that was still on the table at the very end.
A122: Fee YES (¢ total) | C122: =IF(OR($C$112="",$C$106=""),"",CEILING(0.07*$C$112*($C$106/100)*(1-$C$106/100),1))
A123: Fee NO (¢ total) | C123: =IF(OR($C$112="",$C$108=""),"",CEILING(0.07*$C$112*($C$108/100)*(1-$C$108/100),1))
A124: EV per contract, BUY YES (¢ after fee) | C124: =IF(OR($C$120="",$C$112="",$C$112=0),"",$C$120-$C$122/$C$112)
A125: EV per contract, BUY NO (¢ after fee) | C125: =IF(OR($C$121="",$C$112="",$C$112=0),"",$C$121-$C$123/$C$112)
...

Sheet ENS_members_raw
A1: 51-MEMBER ENSEMBLE — DEGENERATE (month complete)
A2: June is fully observed (k=30). There are no remaining days to forecast, so every member's full-month ERA5 estimate equals the realised mean. The spread collapsing to zero is CORRECT here, not a placeholder.
A3: No 51-member June archive exists locally (ens_spread.py output begins with July), and none is needed at k=30.
A5: Member # | B5: Full-Jun ERA5 mean °C | C5: μ_NOAA | D5: σ_member | E5: P(YES) member | F5: Central breach? | G5: μ_GISTEMP | H5: P(YES) GIS member
A6: 1 | B6: 0.5593 | C6: =IF(ISNUMBER($B6),'Jun2026_Settled'!$C$22+'Jun2026_Settled'!$C$23*$B6,"") | D6: =IF(ISNUMBER($B6),IFERROR(SQRT(('Jun2026_Settled'!$C$23*'Jun2026_Settled'!$C$93)^2+'Jun2026_Settled'!$C$24^2),""),"") | E6: =IF(OR($C6="",$D6="",$D6=0),"",1-NORMSDIST(('Jun2026_Settled'!$C$17-$C6)/$D6)) | F6: =IF(ISNUMBER($B6),IF($B6>='Jun2026_Settled'!$C$26,1,0),"") | G6: =IF(ISNUMBER($B6),'Jun2026_Settled'!$C$42+'Jun2026_Settled'!$E$42*$B6,"") | H6: =IFERROR(IF(OR($G6="",'Jun2026_Settled'!$C$93=""),"",1-NORMSDIST(('Jun2026_Settled'!$C$41-$G6)/SQRT(('Jun2026_Settled'!$E$42*'Jun2026_Settled'!$C$93)^2+'Jun2026_Settled'!$G$42^2))),"")
A7: 2 | B7: 0.5593 | C7: =IF(ISNUMBER($B7),'Jun2026_Settled'!$C$22+'Jun2026_Settled'!$C$23*$B7,"") | D7: =IF(ISNUMBER($B7),IFERROR(SQRT(('Jun2026_Settled'!$C$23*'Jun2026_Settled'!$C$93)^2+'Jun2026_Settled'!$C$24^2),""),"") | E7: =IF(OR($C7="",$D7="",$D7=0),"",1-NORMSDIST(('Jun2026_Settled'!$C$17-$C7)/$D7)) | F7: =IF(ISNUMBER($B7),IF($B7>='Jun2026_Settled'!$C$26,1,0),"") | G7: =IF(ISNUMBER($B7),'Jun2026_Settled'!$C$42+'Jun2026_Settled'!$E$42*$B7,"") | H7: =IFERROR(IF(OR($G7="",'Jun2026_Settled'!$C$93=""),"",1-NORMSDIST(('Jun2026_Settled'!$C$41-$G7)/SQRT(('Jun2026_Settled'!$E$42*'Jun2026_Settled'!$C$93)^2+'Jun2026_Settled'!$G$42^2))),"")
A8: 3 | B8: 0.5593 | C8: =IF(ISNUMBER($B8),'Jun2026_Settled'!$C$22+'Jun2026_Settled'!$C$23*$B8,"") | D8: =IF(ISNUMBER($B8),IFERROR(SQRT(('Jun2026_Settled'!$C$23*'Jun2026_Settled'!$C$93)^2+'Jun2026_Settled'!$C$24^2),""),"") | E8: =IF(OR($C8="",$D8="",$D8=0),"",1-NORMSDIST(('Jun2026_Settled'!$C$17-$C8)/$D8)) | F8: =IF(ISNUMBER($B8),IF($B8>='Jun2026_Settled'!$C$26,1,0),"") | G8: =IF(ISNUMBER($B8),'Jun2026_Settled'!$C$42+'Jun2026_Settled'!$E$42*$B8,"") | H8: =IFERROR(IF(OR($G8="",'Jun2026_Settled'!$C$93=""),"",1-NORMSDIST(('Jun2026_Settled'!$C$41-$G8)/SQRT(('Jun2026_Settled'!$E$42*'Jun2026_Settled'!$C$93)^2+'Jun2026_Settled'!$G$42^2))),"")
A9: 4 | B9: 0.5593 | C9: =IF(ISNUMBER($B9),'Jun2026_Settled'!$C$22+'Jun2026_Settled'!$C$23*$B9,"") | D9: =IF(ISNUMBER($B9),IFERROR(SQRT(('Jun2026_Settled'!$C$23*'Jun2026_Settled'!$C$93)^2+'Jun2026_Settled'!$C$24^2),""),"") | E9: =IF(OR($C9="",$D9="",$D9=0),"",1-NORMSDIST(('Jun2026_Settled'!$C$17-$C9)/$D9)) | F9: =IF(ISNUMBER($B9),IF($B9>='Jun2026_Settled'!$C$26,1,0),"") | G9: =IF(ISNUMBER($B9),'Jun2026_Settled'!$C$42+'Jun2026_Settled'!$E$42*$B9,"") | H9: =IFERROR(IF(OR($G9="",'Jun2026_Settled'!$C$93=""),"",1-NORMSDIST(('Jun2026_Settled'!$C$41-$G9)/SQRT(('Jun2026_Settled'!$E$42*'Jun2026_Settled'!$C$93)^2+'Jun2026_Settled'!$G$42^2))),"")
A10: 5 | B10: 0.5593 | C10: =IF(ISNUMBER($B10),'Jun2026_Settled'!$C$22+'Jun2026_Settled'!$C$23*$B10,"") | D10: =IF(ISNUMBER($B10),IFERROR(SQRT(('Jun2026_Settled'!$C$23*'Jun2026_Settled'!$C$93)^2+'Jun2026_Settled'!$C$24^2),""),"") | E10: =IF(OR($C10="",$D10="",$D10=0),"",1-NORMSDIST(('Jun2026_Settled'!$C$17-$C10)/$D10)) | F10: =IF(ISNUMBER($B10),IF($B10>='Jun2026_Settled'!$C$26,1,0),"") | G10: =IF(ISNUMBER($B10),'Jun2026_Settled'!$C$42+'Jun2026_Settled'!$E$42*$B10,"") | H10: =IFERROR(IF(OR($G10="",'Jun2026_Settled'!$C$93=""),"",1-NORMSDIST(('Jun2026_Settled'!$C$41-$G10)/SQRT(('Jun2026_Settled'!$E$42*'Jun2026_Settled'!$C$93)^2+'Jun2026_Settled'!$G$42^2))),"")
A11: 6 | B11: 0.5593 | C11: =IF(ISNUMBER($B11),'Jun2026_Settled'!$C$22+'Jun2026_Settled'!$C$23*$B11,"") | D11: =IF(ISNUMBER($B11),IFERROR(SQRT(('Jun2026_Settled'!$C$23*'Jun2026_Settled'!$C$93)^2+'Jun2026_Settled'!$C$24^2),""),"") | E11: =IF(OR($C11="",$D11="",$D11=0),"",1-NORMSDIST(('Jun2026_Settled'!$C$17-$C11)/$D11)) | F11: =IF(ISNUMBER($B11),IF($B11>='Jun2026_Settled'!$C$26,1,0),"") | G11: =IF(ISNUMBER($B11),'Jun2026_Settled'!$C$42+'Jun2026_Settled'!$E$42*$B11,"") | H11: =IFERROR(IF(OR($G11="",'Jun2026_Settled'!$C$93=""),"",1-NORMSDIST(('Jun2026_Settled'!$C$41-$G11)/SQRT(('Jun2026_Settled'!$E$42*'Jun2026_Settled'!$C$93)^2+'Jun2026_Settled'!$G$42^2))),"")
A12: 7 | B12: 0.5593 | C12: =IF(ISNUMBER($B12),'Jun2026_Settled'!$C$22+'Jun2026_Settled'!$C$23*$B12,"") | D12: =IF(ISNUMBER($B12),IFERROR(SQRT(('Jun2026_Settled'!$C$23*'Jun2026_Settled'!$C$93)^2+'Jun2026_Settled'!$C$24^2),""),"") | E12: =IF(OR($C12="",$D12="",$D12=0),"",1-NORMSDIST(('Jun2026_Settled'!$C$17-$C12)/$D12)) | F12: =IF(ISNUMBER($B12),IF($B12>='Jun2026_Settled'!$C$26,1,0),"") | G12: =IF(ISNUMBER($B12),'Jun2026_Settled'!$C$42+'Jun2026_Settled'!$E$42*$B12,"") | H12: =IFERROR(IF(OR($G12="",'Jun2026_Settled'!$C$93=""),"",1-NORMSDIST(('Jun2026_Settled'!$C$41-$G12)/SQRT(('Jun2026_Settled'!$E$42*'Jun2026_Settled'!$C$93)^2+'Jun2026_Settled'!$G$42^2))),"")
A13: 8 | B13: 0.5593 | C13: =IF(ISNUMBER($B13),'Jun2026_Settled'!$C$22+'Jun2026_Settled'!$C$23*$B13,"") | D13: =IF(ISNUMBER($B13),IFERROR(SQRT(('Jun2026_Settled'!$C$23*'Jun2026_Settled'!$C$93)^2+'Jun2026_Settled'!$C$24^2),""),"") | E13: =IF(OR($C13="",$D13="",$D13=0),"",1-NORMSDIST(('Jun2026_Settled'!$C$17-$C13)/$D13)) | F13: =IF(ISNUMBER($B13),IF($B13>='Jun2026_Settled'!$C$26,1,0),"") | G13: =IF(ISNUMBER($B13),'Jun2026_Settled'!$C$42+'Jun2026_Settled'!$E$42*$B13,"") | H13: =IFERROR(IF(OR($G13="",'Jun2026_Settled'!$C$93=""),"",1-NORMSDIST(('Jun2026_Settled'!$C$41-$G13)/SQRT(('Jun2026_Settled'!$E$42*'Jun2026_Settled'!$C$93)^2+'Jun2026_Settled'!$G$42^2))),"")
A14: 9 | B14: 0.5593 | C14: =IF(ISNUMBER($B14),'Jun2026_Settled'!$C$22+'Jun2026_Settled'!$C$23*$B14,"") | D14: =IF(ISNUMBER($B14),IFERROR(SQRT(('Jun2026_Settled'!$C$23*'Jun2026_Settled'!$C$93)^2+'Jun2026_Settled'!$C$24^2),""),"") | E14: =IF(OR($C14="",$D14="",$D14=0),"",1-NORMSDIST(('Jun2026_Settled'!$C$17-$C14)/$D14)) | F14: =IF(ISNUMBER($B14),IF($B14>='Jun2026_Settled'!$C$26,1,0),"") | G14: =IF(ISNUMBER($B14),'Jun2026_Settled'!$C$42+'Jun2026_Settled'!$E$42*$B14,"") | H14: =IFERROR(IF(OR($G14="",'Jun2026_Settled'!$C$93=""),"",1-NORMSDIST(('Jun2026_Settled'!$C$41-$G14)/SQRT(('Jun2026_Settled'!$E$42*'Jun2026_Settled'!$C$93)^2+'Jun2026_Settled'!$G$42^2))),"")
A15: 10 | B15: 0.5593 | C15: =IF(ISNUMBER($B15),'Jun2026_Settled'!$C$22+'Jun2026_Settled'!$C$23*$B15,"") | D15: =IF(ISNUMBER($B15),IFERROR(SQRT(('Jun2026_Settled'!$C$23*'Jun2026_Settled'!$C$93)^2+'Jun2026_Settled'!$C$24^2),""),"") | E15: =IF(OR($C15="",$D15="",$D15=0),"",1-NORMSDIST(('Jun2026_Settled'!$C$17-$C15)/$D15)) | F15: =IF(ISNUMBER($B15),IF($B15>='Jun2026_Settled'!$C$26,1,0),"") | G15: =IF(ISNUMBER($B15),'Jun2026_Settled'!$C$42+'Jun2026_Settled'!$E$42*$B15,"") | H15: =IFERROR(IF(OR($G15="",'Jun2026_Settled'!$C$93=""),"",1-NORMSDIST(('Jun2026_Settled'!$C$41-$G15)/SQRT(('Jun2026_Settled'!$E$42*'Jun2026_Settled'!$C$93)^2+'Jun2026_Settled'!$G$42^2))),"")
A16: 11 | B16: 0.5593 | C16: =IF(ISNUMBER($B16),'Jun2026_Settled'!$C$22+'Jun2026_Settled'!$C$23*$B16,"") | D16: =IF(ISNUMBER($B16),IFERROR(SQRT(('Jun2026_Settled'!$C$23*'Jun2026_Settled'!$C$93)^2+'Jun2026_Settled'!$C$24^2),""),"") | E16: =IF(OR($C16="",$D16="",$D16=0),"",1-NORMSDIST(('Jun2026_Settled'!$C$17-$C16)/$D16)) | F16: =IF(ISNUMBER($B16),IF($B16>='Jun2026_Settled'!$C$26,1,0),"") | G16: =IF(ISNUMBER($B16),'Jun2026_Settled'!$C$42+'Jun2026_Settled'!$E$42*$B16,"") | H16: =IFERROR(IF(OR($G16="",'Jun2026_Settled'!$C$93=""),"",1-NORMSDIST(('Jun2026_Settled'!$C$41-$G16)/SQRT(('Jun2026_Settled'!$E$42*'Jun2026_Settled'!$C$93)^2+'Jun2026_Settled'!$G$42^2))),"")
A17: 12 | B17: 0.5593 | C17: =IF(ISNUMBER($B17),'Jun2026_Settled'!$C$22+'Jun2026_Settled'!$C$23*$B17,"") | D17: =IF(ISNUMBER($B17),IFERROR(SQRT(('Jun2026_Settled'!$C$23*'Jun2026_Settled'!$C$93)^2+'Jun2026_Settled'!$C$24^2),""),"") | E17: =IF(OR($C17="",$D17="",$D17=0),"",1-NORMSDIST(('Jun2026_Settled'!$C$17-$C17)/$D17)) | F17: =IF(ISNUMBER($B17),IF($B17>='Jun2026_Settled'!$C$26,1,0),"") | G17: =IF(ISNUMBER($B17),'Jun2026_Settled'!$C$42+'Jun2026_Settled'!$E$42*$B17,"") | H17: =IFERROR(IF(OR($G17="",'Jun2026_Settled'!$C$93=""),"",1-NORMSDIST(('Jun2026_Settled'!$C$41-$G17)/SQRT(('Jun2026_Settled'!$E$42*'Jun2026_Settled'!$C$93)^2+'Jun2026_Settled'!$G$42^2))),"")
... A56: 51 | B56: 0.5593 | C56: =IF(ISNUMBER($B56),'Jun2026_Settled'!$C$22+'Jun2026_Settled'!$C$23*$B56,"") | D56: =IF(ISNUMBER($B56),IFERROR(SQRT(('Jun2026_Settled'!$C$23*'Jun2026_Settled'!$C$93)^2+'Jun2026_Settled'!$C$24^2),""),"") | E56: =IF(OR($C56="",$D56="",$D56=0),"",1-NORMSDIST(('Jun2026_Settled'!$C$17-$C56)/$D56)) | F56: =IF(ISNUMBER($B56),IF($B56>='Jun2026_Settled'!$C$26,1,0),"") | G56: =IF(ISNUMBER($B56),'Jun2026_Settled'!$C$42+'Jun2026_Settled'!$E$42*$B56,"") | H56: =IFERROR(IF(OR($G56="",'Jun2026_Settled'!$C$93=""),"",1-NORMSDIST(('Jun2026_Settled'!$C$41-$G56)/SQRT(('Jun2026_Settled'!$E$42*'Jun2026_Settled'!$C$93)^2+'Jun2026_Settled'!$G$42^2))),"")
A58: Members loaded | B58: =COUNT($B$6:$B$56)
A59: Median member ERA5 | B59: =IFERROR(MEDIAN($B$6:$B$56),"")
A60: Member spread σ (zero by construction) | B60: =IFERROR(STDEV($B$6:$B$56),"")
A61: Members breaching the record | B61: =IFERROR(SUM($F$6:$F$56),"")
A64: P(YES) ENSEMBLE — NOAA ▶ headline | E64: =IFERROR(AVERAGE($E$6:$E$56),"") | G64: P(YES) GISTEMP ▶ | H64: =IFERROR(AVERAGE($H$6:$H$56),"")
A66: Member-average of per-member tail probabilities. With zero remaining uncertainty this equals the single-path Normal value — as it must.

Sheet Fcst_log
A1: FORECAST-RUN LOG — June (retrospective; per-run archive unavailable)
A2: The live forecast_log only begins 2026-07-09, so June has no run-by-run history. The single row below records the ONE archived retrieval used to fill the daily ECMWF column.
A3: In a live month this tab is the lead-time edge: a rising remaining-days mean is an early buy-YES signal; a price spike with no new high here is a fade signal.
A5: Pulled (UTC) | B5: Model | C5: Run cycle | D5: Remaining-days mean anomaly °C | E5: Δ vs prior same model | F5: Signal | G5: Note
A6: 2026-07-25 (retrospective) | B6: ECMWF-arch | C6: archive | D6: 0.628 | F6: =IF($E6="","",IF($E6>0.03,"▲ SURGE ENTERING",IF($E6<-0.03,"▼ COOLING","flat"))) | G6: Open-Meteo Historical-Forecast API, 15° cos-weighted grid, whole-month mean. Short lead — not a true multi-day forecast.
E7: =IF($D7="","",IFERROR($D7-LOOKUP(2,1/($B$6:$B6=$B7),$D$6:$D6),"")) | F7: =IF($E7="","",IF($E7>0.03,"▲ SURGE ENTERING",IF($E7<-0.03,"▼ COOLING","flat")))
E8: =IF($D8="","",IFERROR($D8-LOOKUP(2,1/($B$6:$B7=$B8),$D$6:$D7),"")) | F8: =IF($E8="","",IF($E8>0.03,"▲ SURGE ENTERING",IF($E8<-0.03,"▼ COOLING","flat")))
E9: =IF($D9="","",IFERROR($D9-LOOKUP(2,1/($B$6:$B8=$B9),$D$6:$D8),"")) | F9: =IF($E9="","",IF($E9>0.03,"▲ SURGE ENTERING",IF($E9<-0.03,"▼ COOLING","flat")))
E10: =IF($D10="","",IFERROR($D10-LOOKUP(2,1/($B$6:$B9=$B10),$D$6:$D9),"")) | F10: =IF($E10="","",IF($E10>0.03,"▲ SURGE ENTERING",IF($E10<-0.03,"▼ COOLING","flat")))
E11: =IF($D11="","",IFERROR($D11-LOOKUP(2,1/($B$6:$B10=$B11),$D$6:$D10),"")) | F11: =IF($E11="","",IF($E11>0.03,"▲ SURGE ENTERING",IF($E11<-0.03,"▼ COOLING","flat")))
E12: =IF($D12="","",IFERROR($D12-LOOKUP(2,1/($B$6:$B11=$B12),$D$6:$D11),"")) | F12: =IF($E12="","",IF($E12>0.03,"▲ SURGE ENTERING",IF($E12<-0.03,"▼ COOLING","flat")))
E13: =IF($D13="","",IFERROR($D13-LOOKUP(2,1/($B$6:$B12=$B13),$D$6:$D12),"")) | F13: =IF($E13="","",IF($E13>0.03,"▲ SURGE ENTERING",IF($E13<-0.03,"▼ COOLING","flat")))
E14: =IF($D14="","",IFERROR($D14-LOOKUP(2,1/($B$6:$B13=$B14),$D$6:$D13),"")) | F14: =IF($E14="","",IF($E14>0.03,"▲ SURGE ENTERING",IF($E14<-0.03,"▼ COOLING","flat")))
E15: =IF($D15="","",IFERROR($D15-LOOKUP(2,1/($B$6:$B14=$B15),$D$6:$D14),"")) | F15: =IF($E15="","",IF($E15>0.03,"▲ SURGE ENTERING",IF($E15<-0.03,"▼ COOLING","flat")))
E16: =IF($D16="","",IFERROR($D16-LOOKUP(2,1/($B$6:$B15=$B16),$D$6:$D15),"")) | F16: =IF($E16="","",IF($E16>0.03,"▲ SURGE ENTERING",IF($E16<-0.03,"▼ COOLING","flat")))
E17: =IF($D17="","",IFERROR($D17-LOOKUP(2,1/($B$6:$B16=$B17),$D$6:$D16),"")) | F17: =IF($E17="","",IF($E17>0.03,"▲ SURGE ENTERING",IF($E17<-0.03,"▼ COOLING","flat")))
E18: =IF($D18="","",IFERROR($D18-LOOKUP(2,1/($B$6:$B17=$B18),$D$6:$D17),"")) | F18: =IF($E18="","",IF($E18>0.03,"▲ SURGE ENTERING",IF($E18<-0.03,"▼ COOLING","flat")))
... E125: =IF($D125="","",IFERROR($D125-LOOKUP(2,1/($B$6:$B124=$B125),$D$6:$D124),"")) | F125: =IF($E125="","",IF($E125>0.03,"▲ SURGE ENTERING",IF($E125<-0.03,"▼ COOLING","flat")))
