Workbook

Sheet Aug2026_Live
A1: KXHMONTH-26AUG — “Will August 2026 be the hottest August ever?”
A2: LIVE SUMMARY (auto-updates as you fill the daily table)
A3: Observed days k | C3: MTD mean °C | E3: P(YES) ensemble | G3: Market YES ask | I3: Edge (best side) | K3: dev3 | M3: ACTION
A4: =$C$83 -> 0 | C4: =$C$85 | E4: =$C$100 | G4: =IF($C$105="","",$C$105) | I4: =IF(AND($C$118="",$C$119=""),"",MAX(IF($C$118="",-99,$C$118),IF($C$119="",-99,$C$119))) | K4: =$C$147 | M4: =$C$134 -> — fill daily table + ENS members —
A5: HOW TO USE: fill ONLY the yellow cells (daily table cols B–J, ENS members col B, market prices). Everything else is a live formula. Full legend: Block 8 at the bottom.
A6: BLOCK 1 — SETTLEMENT & TRANSLATION CONSTANTS (settlement constants are the only hard-coded numbers; everything else computes)
A9: Settlement oracle | C9: NOAA NCEI ‘Climate at a Glance’ — GLOBAL land+ocean monthly anomaly
A10: NOAA baseline | C10: 1901–2000 (settlement baseline)
A11: ERA5 baseline | C11: 1991–2020 (offset is DETERMINISTIC — absorbed by the OLS below, not signal)
A12: Quantity | C12: Global, cos-latitude-weighted 2 m temperature MONTHLY MEAN (never per-station)
A13: Days in month (D) | C13: 31
A15: Settlement thresholds
A16: August record (printed) | C16: 1.25 | E16: Aug 2023 (NOAA, live vintage). 2024=1.24, 2025=1.07.
A17: Latent threshold (YES iff latent ≥) | C17: 1.255 | E17: Printed must be ≥1.26. Rounding: printed 1.26 ⇔ latent ≥1.255.
A18: Tie-band low (latent) | C18: 1.245 | E18: Latent 1.245–1.255 prints 1.25 → settles NO (tailwind for NO).
A19: Tie clause | C19: NONE — a printed tie (1.25) settles NO
A21: ERA5 → NOAA August translation (computed live from Block 7 audit trail)
A22: a (intercept) | C22: =INTERCEPT($C$163:$C$198,$B$163:$B$198) -> 0.58921188 | E22: formula: INTERCEPT(NOAA_Aug, ERA5_Aug) over Block 7
A23: b (slope) | C23: =SLOPE($C$163:$C$198,$B$163:$B$198) -> 0.96190198 | E23: formula: SLOPE(...) — absorbs the deterministic baseline offset
A24: σ_translation (residual) | C24: =STEYX($C$163:$C$198,$B$163:$B$198) -> 0.0356756 | E24: formula: STEYX(...) — irreducible translation scatter, never shrinks
A25: n (years in fit) | C25: =COUNT($B$163:$B$198) -> 36
A26: K_threshold on ERA5 scale = (latent−a)/b | C26: =($C$17-$C$22)/$C$23 -> 0.69215797 | E26: ERA5-scale value the month must reach
A28: Variance collapse — σ_NOAA by observed-day count k (empirical; collapses slower than 1/√(days left) because regimes persist)
A29: k (observed days) | C29: sd_f (ERA5 scale) | D29: ref (offline) | E29: σ_NOAA
A30: 2 | C30: =IFERROR(INDEX(LINEST($B$163:$B$198,$E$163:$F$198),3,2),$D$30) -> 0.0569 | D30: 0.0569 | E30: =IFERROR(SQRT(($C$23*$C$30)^2+$C$24^2),"") -> 0.065332722 | G30: sd_f = LINEST std-error of ERA5_Aug ~ ERA5_Jul + Aug_first-k · σ_NOAA = √((b·sd_f)²+σ_trans²)
A31: 5 | C31: =IFERROR(INDEX(LINEST($B$163:$B$198,$G$163:$H$198),3,2),$D$31) -> 0.0541 | D31: 0.0541 | E31: =IFERROR(SQRT(($C$23*$C$31)^2+$C$24^2),"") -> 0.063093544 | G31: ‘ref (offline)’ = the same regression computed from the same Block-7 rows outside Excel. sd_f uses LINEST and falls back to ref only if LINEST is unavailable — the two must agree.
A32: 10 | C32: =IFERROR(INDEX(LINEST($B$163:$B$198,$I$163:$J$198),3,2),$D$32) -> 0.0432 | D32: 0.0432 | E32: =IFERROR(SQRT(($C$23*$C$32)^2+$C$24^2),"") -> 0.054767665
A33: 15 | C33: =IFERROR(INDEX(LINEST($B$163:$B$198,$K$163:$L$198),3,2),$D$33) -> 0.0415 | D33: 0.0415 | E33: =IFERROR(SQRT(($C$23*$C$33)^2+$C$24^2),"") -> 0.053537553
A34: 20 | C34: =IFERROR(INDEX(LINEST($B$163:$B$198,$M$163:$N$198),3,2),$D$34) -> 0.0387 | D34: 0.0387 | E34: =IFERROR(SQRT(($C$23*$C$34)^2+$C$24^2),"") -> 0.051560588
A35: 25 | C35: =IFERROR(INDEX(LINEST($B$163:$B$198,$O$163:$P$198),3,2),$D$35) -> 0.0222 | D35: 0.0222 | E35: =IFERROR(SQRT(($C$23*$C$35)^2+$C$24^2),"") -> 0.041578256
A36: 31 | C36: 0 | D36: 0 | E36: =IFERROR(SQRT(($C$23*$C$36)^2+$C$24^2),"") -> 0.0356756 | G36: k=31: month fully observed → forecast error is 0 by definition
A38: External indices & model settings
A39: ONI (CPC, latest season) | C39: 1 | E39: AMJ 2026 = +1.0 (El Niño ramping). Update monthly; records cluster in El Niño.
A40: GISTEMP August record (printed) | C40: 1.3 | E40: NASA GISTEMP, Aug 2024 — Polymarket oracle (different dataset, ~+0.09 vs NOAA).
A41: GISTEMP latent threshold | C41: 1.295 | E41: Polymarket brackets: ties count INTO the bracket → latent ≥ record−0.005.
A42: GISTEMP a / b / σ | C42: 0.5803 | E42: 1.0288 | G42: 0.0542 | I42: OLS GISTEMP_Aug ~ ERA5_Aug, n=36 (1990–2025).
A43: ρ forecast-error correlation mix | C43: 0.6 | E43: Pipeline convention (update_data.py). Days are NOT independent — ρ>0 keeps σ honest.
A44: Climatology reference (5-yr mean ERA5 Aug) | C44: =AVERAGE($B$194:$B$198) -> 0.5045 | E44: Benchmark for forecast skill in Block 5.
A46: BLOCK 2 — DAILY TABLE (Aug 1–31) — the spine. BLANK until real data arrives; nothing is simulated.
A48: Date | B48: ERA5 obs anomaly °C | C48: status | D48: ECMWF ENS mean °C | E48: ENS spread σ °C | F48: ENS min | G48: ENS max | H48: GFS °C | I48: GEFS mean °C | J48: GEFS σ | K48: USED (obs→fcst) | L48: Running MTD (banked) | M48: Err ENS (obs−fcst) | N48: Err GFS | O48: Err GEFS | P48: fcst for remaining | Q48: |e|ENS | R48: e²ENS | S48: |e|GFS | T48: e²GFS | U48: |e|GEFS | V48: e²GEFS | W48: (obs−clim)² | X48: ENS σ remaining
A49: 46235 | K49: =IF(ISNUMBER($B49),$B49,IF(ISNUMBER($D49),$D49,"")) | L49: =IF(COUNT($B$49:$B49)=0,"",AVERAGE($B$49:$B49)) | M49: =IF(AND(ISNUMBER($B49),ISNUMBER($D49)),$B49-$D49,"") | N49: =IF(AND(ISNUMBER($B49),ISNUMBER($H49)),$B49-$H49,"") | O49: =IF(AND(ISNUMBER($B49),ISNUMBER($I49)),$B49-$I49,"") | P49: =IF(AND($B49="",ISNUMBER($D49)),$D49,"") | Q49: =IF(ISNUMBER($M49),ABS($M49),"") | R49: =IF(ISNUMBER($M49),$M49^2,"") | S49: =IF(ISNUMBER($N49),ABS($N49),"") | T49: =IF(ISNUMBER($N49),$N49^2,"") | U49: =IF(ISNUMBER($O49),ABS($O49),"") | V49: =IF(ISNUMBER($O49),$O49^2,"") | W49: =IF(ISNUMBER($B49),($B49-$C$44)^2,"") | X49: =IF(AND($B49="",ISNUMBER($E49)),$E49,"")
A50: 46236 | K50: =IF(ISNUMBER($B50),$B50,IF(ISNUMBER($D50),$D50,"")) | L50: =IF(COUNT($B$49:$B50)=0,"",AVERAGE($B$49:$B50)) | M50: =IF(AND(ISNUMBER($B50),ISNUMBER($D50)),$B50-$D50,"") | N50: =IF(AND(ISNUMBER($B50),ISNUMBER($H50)),$B50-$H50,"") | O50: =IF(AND(ISNUMBER($B50),ISNUMBER($I50)),$B50-$I50,"") | P50: =IF(AND($B50="",ISNUMBER($D50)),$D50,"") | Q50: =IF(ISNUMBER($M50),ABS($M50),"") | R50: =IF(ISNUMBER($M50),$M50^2,"") | S50: =IF(ISNUMBER($N50),ABS($N50),"") | T50: =IF(ISNUMBER($N50),$N50^2,"") | U50: =IF(ISNUMBER($O50),ABS($O50),"") | V50: =IF(ISNUMBER($O50),$O50^2,"") | W50: =IF(ISNUMBER($B50),($B50-$C$44)^2,"") | X50: =IF(AND($B50="",ISNUMBER($E50)),$E50,"")
A51: 46237 | K51: =IF(ISNUMBER($B51),$B51,IF(ISNUMBER($D51),$D51,"")) | L51: =IF(COUNT($B$49:$B51)=0,"",AVERAGE($B$49:$B51)) | M51: =IF(AND(ISNUMBER($B51),ISNUMBER($D51)),$B51-$D51,"") | N51: =IF(AND(ISNUMBER($B51),ISNUMBER($H51)),$B51-$H51,"") | O51: =IF(AND(ISNUMBER($B51),ISNUMBER($I51)),$B51-$I51,"") | P51: =IF(AND($B51="",ISNUMBER($D51)),$D51,"") | Q51: =IF(ISNUMBER($M51),ABS($M51),"") | R51: =IF(ISNUMBER($M51),$M51^2,"") | S51: =IF(ISNUMBER($N51),ABS($N51),"") | T51: =IF(ISNUMBER($N51),$N51^2,"") | U51: =IF(ISNUMBER($O51),ABS($O51),"") | V51: =IF(ISNUMBER($O51),$O51^2,"") | W51: =IF(ISNUMBER($B51),($B51-$C$44)^2,"") | X51: =IF(AND($B51="",ISNUMBER($E51)),$E51,"")
A52: 46238 | K52: =IF(ISNUMBER($B52),$B52,IF(ISNUMBER($D52),$D52,"")) | L52: =IF(COUNT($B$49:$B52)=0,"",AVERAGE($B$49:$B52)) | M52: =IF(AND(ISNUMBER($B52),ISNUMBER($D52)),$B52-$D52,"") | N52: =IF(AND(ISNUMBER($B52),ISNUMBER($H52)),$B52-$H52,"") | O52: =IF(AND(ISNUMBER($B52),ISNUMBER($I52)),$B52-$I52,"") | P52: =IF(AND($B52="",ISNUMBER($D52)),$D52,"") | Q52: =IF(ISNUMBER($M52),ABS($M52),"") | R52: =IF(ISNUMBER($M52),$M52^2,"") | S52: =IF(ISNUMBER($N52),ABS($N52),"") | T52: =IF(ISNUMBER($N52),$N52^2,"") | U52: =IF(ISNUMBER($O52),ABS($O52),"") | V52: =IF(ISNUMBER($O52),$O52^2,"") | W52: =IF(ISNUMBER($B52),($B52-$C$44)^2,"") | X52: =IF(AND($B52="",ISNUMBER($E52)),$E52,"")
A53: 46239 | K53: =IF(ISNUMBER($B53),$B53,IF(ISNUMBER($D53),$D53,"")) | L53: =IF(COUNT($B$49:$B53)=0,"",AVERAGE($B$49:$B53)) | M53: =IF(AND(ISNUMBER($B53),ISNUMBER($D53)),$B53-$D53,"") | N53: =IF(AND(ISNUMBER($B53),ISNUMBER($H53)),$B53-$H53,"") | O53: =IF(AND(ISNUMBER($B53),ISNUMBER($I53)),$B53-$I53,"") | P53: =IF(AND($B53="",ISNUMBER($D53)),$D53,"") | Q53: =IF(ISNUMBER($M53),ABS($M53),"") | R53: =IF(ISNUMBER($M53),$M53^2,"") | S53: =IF(ISNUMBER($N53),ABS($N53),"") | T53: =IF(ISNUMBER($N53),$N53^2,"") | U53: =IF(ISNUMBER($O53),ABS($O53),"") | V53: =IF(ISNUMBER($O53),$O53^2,"") | W53: =IF(ISNUMBER($B53),($B53-$C$44)^2,"") | X53: =IF(AND($B53="",ISNUMBER($E53)),$E53,"")
A54: 46240 | K54: =IF(ISNUMBER($B54),$B54,IF(ISNUMBER($D54),$D54,"")) | L54: =IF(COUNT($B$49:$B54)=0,"",AVERAGE($B$49:$B54)) | M54: =IF(AND(ISNUMBER($B54),ISNUMBER($D54)),$B54-$D54,"") | N54: =IF(AND(ISNUMBER($B54),ISNUMBER($H54)),$B54-$H54,"") | O54: =IF(AND(ISNUMBER($B54),ISNUMBER($I54)),$B54-$I54,"") | P54: =IF(AND($B54="",ISNUMBER($D54)),$D54,"") | Q54: =IF(ISNUMBER($M54),ABS($M54),"") | R54: =IF(ISNUMBER($M54),$M54^2,"") | S54: =IF(ISNUMBER($N54),ABS($N54),"") | T54: =IF(ISNUMBER($N54),$N54^2,"") | U54: =IF(ISNUMBER($O54),ABS($O54),"") | V54: =IF(ISNUMBER($O54),$O54^2,"") | W54: =IF(ISNUMBER($B54),($B54-$C$44)^2,"") | X54: =IF(AND($B54="",ISNUMBER($E54)),$E54,"")
A55: 46241 | K55: =IF(ISNUMBER($B55),$B55,IF(ISNUMBER($D55),$D55,"")) | L55: =IF(COUNT($B$49:$B55)=0,"",AVERAGE($B$49:$B55)) | M55: =IF(AND(ISNUMBER($B55),ISNUMBER($D55)),$B55-$D55,"") | N55: =IF(AND(ISNUMBER($B55),ISNUMBER($H55)),$B55-$H55,"") | O55: =IF(AND(ISNUMBER($B55),ISNUMBER($I55)),$B55-$I55,"") | P55: =IF(AND($B55="",ISNUMBER($D55)),$D55,"") | Q55: =IF(ISNUMBER($M55),ABS($M55),"") | R55: =IF(ISNUMBER($M55),$M55^2,"") | S55: =IF(ISNUMBER($N55),ABS($N55),"") | T55: =IF(ISNUMBER($N55),$N55^2,"") | U55: =IF(ISNUMBER($O55),ABS($O55),"") | V55: =IF(ISNUMBER($O55),$O55^2,"") | W55: =IF(ISNUMBER($B55),($B55-$C$44)^2,"") | X55: =IF(AND($B55="",ISNUMBER($E55)),$E55,"")
A56: 46242 | K56: =IF(ISNUMBER($B56),$B56,IF(ISNUMBER($D56),$D56,"")) | L56: =IF(COUNT($B$49:$B56)=0,"",AVERAGE($B$49:$B56)) | M56: =IF(AND(ISNUMBER($B56),ISNUMBER($D56)),$B56-$D56,"") | N56: =IF(AND(ISNUMBER($B56),ISNUMBER($H56)),$B56-$H56,"") | O56: =IF(AND(ISNUMBER($B56),ISNUMBER($I56)),$B56-$I56,"") | P56: =IF(AND($B56="",ISNUMBER($D56)),$D56,"") | Q56: =IF(ISNUMBER($M56),ABS($M56),"") | R56: =IF(ISNUMBER($M56),$M56^2,"") | S56: =IF(ISNUMBER($N56),ABS($N56),"") | T56: =IF(ISNUMBER($N56),$N56^2,"") | U56: =IF(ISNUMBER($O56),ABS($O56),"") | V56: =IF(ISNUMBER($O56),$O56^2,"") | W56: =IF(ISNUMBER($B56),($B56-$C$44)^2,"") | X56: =IF(AND($B56="",ISNUMBER($E56)),$E56,"")
A57: 46243 | K57: =IF(ISNUMBER($B57),$B57,IF(ISNUMBER($D57),$D57,"")) | L57: =IF(COUNT($B$49:$B57)=0,"",AVERAGE($B$49:$B57)) | M57: =IF(AND(ISNUMBER($B57),ISNUMBER($D57)),$B57-$D57,"") | N57: =IF(AND(ISNUMBER($B57),ISNUMBER($H57)),$B57-$H57,"") | O57: =IF(AND(ISNUMBER($B57),ISNUMBER($I57)),$B57-$I57,"") | P57: =IF(AND($B57="",ISNUMBER($D57)),$D57,"") | Q57: =IF(ISNUMBER($M57),ABS($M57),"") | R57: =IF(ISNUMBER($M57),$M57^2,"") | S57: =IF(ISNUMBER($N57),ABS($N57),"") | T57: =IF(ISNUMBER($N57),$N57^2,"") | U57: =IF(ISNUMBER($O57),ABS($O57),"") | V57: =IF(ISNUMBER($O57),$O57^2,"") | W57: =IF(ISNUMBER($B57),($B57-$C$44)^2,"") | X57: =IF(AND($B57="",ISNUMBER($E57)),$E57,"")
A58: 46244 | K58: =IF(ISNUMBER($B58),$B58,IF(ISNUMBER($D58),$D58,"")) | L58: =IF(COUNT($B$49:$B58)=0,"",AVERAGE($B$49:$B58)) | M58: =IF(AND(ISNUMBER($B58),ISNUMBER($D58)),$B58-$D58,"") | N58: =IF(AND(ISNUMBER($B58),ISNUMBER($H58)),$B58-$H58,"") | O58: =IF(AND(ISNUMBER($B58),ISNUMBER($I58)),$B58-$I58,"") | P58: =IF(AND($B58="",ISNUMBER($D58)),$D58,"") | Q58: =IF(ISNUMBER($M58),ABS($M58),"") | R58: =IF(ISNUMBER($M58),$M58^2,"") | S58: =IF(ISNUMBER($N58),ABS($N58),"") | T58: =IF(ISNUMBER($N58),$N58^2,"") | U58: =IF(ISNUMBER($O58),ABS($O58),"") | V58: =IF(ISNUMBER($O58),$O58^2,"") | W58: =IF(ISNUMBER($B58),($B58-$C$44)^2,"") | X58: =IF(AND($B58="",ISNUMBER($E58)),$E58,"")
A59: 46245 | K59: =IF(ISNUMBER($B59),$B59,IF(ISNUMBER($D59),$D59,"")) | L59: =IF(COUNT($B$49:$B59)=0,"",AVERAGE($B$49:$B59)) | M59: =IF(AND(ISNUMBER($B59),ISNUMBER($D59)),$B59-$D59,"") | N59: =IF(AND(ISNUMBER($B59),ISNUMBER($H59)),$B59-$H59,"") | O59: =IF(AND(ISNUMBER($B59),ISNUMBER($I59)),$B59-$I59,"") | P59: =IF(AND($B59="",ISNUMBER($D59)),$D59,"") | Q59: =IF(ISNUMBER($M59),ABS($M59),"") | R59: =IF(ISNUMBER($M59),$M59^2,"") | S59: =IF(ISNUMBER($N59),ABS($N59),"") | T59: =IF(ISNUMBER($N59),$N59^2,"") | U59: =IF(ISNUMBER($O59),ABS($O59),"") | V59: =IF(ISNUMBER($O59),$O59^2,"") | W59: =IF(ISNUMBER($B59),($B59-$C$44)^2,"") | X59: =IF(AND($B59="",ISNUMBER($E59)),$E59,"")
A60: 46246 | K60: =IF(ISNUMBER($B60),$B60,IF(ISNUMBER($D60),$D60,"")) | L60: =IF(COUNT($B$49:$B60)=0,"",AVERAGE($B$49:$B60)) | M60: =IF(AND(ISNUMBER($B60),ISNUMBER($D60)),$B60-$D60,"") | N60: =IF(AND(ISNUMBER($B60),ISNUMBER($H60)),$B60-$H60,"") | O60: =IF(AND(ISNUMBER($B60),ISNUMBER($I60)),$B60-$I60,"") | P60: =IF(AND($B60="",ISNUMBER($D60)),$D60,"") | Q60: =IF(ISNUMBER($M60),ABS($M60),"") | R60: =IF(ISNUMBER($M60),$M60^2,"") | S60: =IF(ISNUMBER($N60),ABS($N60),"") | T60: =IF(ISNUMBER($N60),$N60^2,"") | U60: =IF(ISNUMBER($O60),ABS($O60),"") | V60: =IF(ISNUMBER($O60),$O60^2,"") | W60: =IF(ISNUMBER($B60),($B60-$C$44)^2,"") | X60: =IF(AND($B60="",ISNUMBER($E60)),$E60,"")
... A79: 46265 | K79: =IF(ISNUMBER($B79),$B79,IF(ISNUMBER($D79),$D79,"")) | L79: =IF(COUNT($B$49:$B79)=0,"",AVERAGE($B$49:$B79)) | M79: =IF(AND(ISNUMBER($B79),ISNUMBER($D79)),$B79-$D79,"") | N79: =IF(AND(ISNUMBER($B79),ISNUMBER($H79)),$B79-$H79,"") | O79: =IF(AND(ISNUMBER($B79),ISNUMBER($I79)),$B79-$I79,"") | P79: =IF(AND($B79="",ISNUMBER($D79)),$D79,"") | Q79: =IF(ISNUMBER($M79),ABS($M79),"") | R79: =IF(ISNUMBER($M79),$M79^2,"") | S79: =IF(ISNUMBER($N79),ABS($N79),"") | T79: =IF(ISNUMBER($N79),$N79^2,"") | U79: =IF(ISNUMBER($O79),ABS($O79),"") | V79: =IF(ISNUMBER($O79),$O79^2,"") | W79: =IF(ISNUMBER($B79),($B79-$C$44)^2,"") | X79: =IF(AND($B79="",ISNUMBER($E79)),$E79,"")
A80: ↑ Yellow = you fill. Cols K–O computed. Cols P–X = engine/verification helpers (shaded).
A82: BLOCK 3 — MONTH BUILD & PROBABILITY (the engine)
A83: k — observed days | C83: =COUNT($B$49:$B$79) -> 0 | E83: COUNT ignores blanks → k grows as ERA5 prints.
A84: Banked sum Σ observed | C84: =SUM($B$49:$B$79) -> 0 | E84: Locked contribution — no uncertainty.
A85: Banked mean B_k | C85: =IF($C$83=0,"",$C$84/$C$83) | E85: Month-to-date average anomaly.
A86: Remaining days (31−k) | C86: =$C$13-$C$83 -> 31
A87: Remaining-days forecast mean R | C87: =IFERROR(AVERAGE($P$49:$P$79),"") | E87: Mean ENS forecast over days not yet observed.
A88: Days covered (obs + forecast) | C88: =COUNT($K$49:$K$79) -> 0 | E88: Must reach 31 before the projection is defined.
A89: FULL-MONTH ERA5 projection | C89: =IF($C$88=$C$13,SUM($K$49:$K$79)/$C$13,"") | E89: (banked_sum + forecast_sum)/31, from the USED column.
A90: sd_f from variance collapse at k | C90: =IFERROR(INDEX($C$30:$C$36,MATCH($C$83,$A$30:$A$36,1)),INDEX($C$30:$C$36,1)) -> 0.0569 | E90: Nearest k ≤ current, from the empirical table in Block 1.
A91: Mean ENS spread over remaining days | C91: =IFERROR(AVERAGE($X$49:$X$79),"")
A92: ENS term = ρ · mean_spread · (31−k)/31 | C92: =IFERROR($C$43*$C$91*$C$86/$C$13,0) -> 0 | E92: ρ<1 acknowledges correlated daily errors (no independence assumption).
A93: σ_forecast = √(sd_f² + ENS_term²) | C93: =IFERROR(SQRT($C$90^2+$C$92^2),"") -> 0.0569 | E93: Historical collapse σ folded with live ensemble spread.
A94: μ_NOAA = a + b · ERA5_projection | C94: =IF($C$89="","",$C$22+$C$23*$C$89) | E94: Translation onto the settlement scale.
A95: σ_total = √((b·σ_forecast)² + σ_translation²) | C95: =IF($C$89="","",SQRT(($C$23*$C$93)^2+$C$24^2)) | E95: Weather uncertainty + irreducible translation scatter.
A96: z = (latent_threshold − μ)/σ_total | C96: =IF($C$94="","",($C$17-$C$94)/$C$95) | E96: Standardised distance to the record.
A97: P(YES) — single-path Normal [sanity check] | C97: =IF($C$96="","",1-NORMSDIST($C$96)) | E97: A point estimate near a threshold LIES — this is a cross-check, not the headline.
A98: Required remaining-day average (diagnostic) | C98: =IF(OR($C$83=0,$C$83>=$C$13),"",($C$13*$C$26-$C$84)/($C$13-$C$83)) | E98: How hot the rest of August must run, on the ERA5 scale. Diagnostic only.
A99: Tie-band probability (latent 1.245–1.255 → prints 1.25 → NO) | C99: =IF($C$94="","",NORMSDIST(($C$17-$C$94)/$C$95)-NORMSDIST(($C$18-$C$94)/$C$95)) | E99: Tracked separately — a structural tailwind for NO.
A100: P(YES) — 51-MEMBER ENSEMBLE ◀ HEADLINE | C100: =IFERROR(ENS_members_raw!$E$64,"") | E100: Member-average of per-member tail P. THIS is the number to trade on.
A101: P(YES) — GISTEMP (Polymarket cross-check) | C101: =IFERROR(ENS_members_raw!$H$64,"") | E101: Different dataset & threshold → basis, never arbitrage.
A103: BLOCK 4 — MARKET & PROFITABILITY (executable prices only — never mid)
A104: Kalshi YES bid (¢) | E104: Fill from the live book.
A105: Kalshi YES ask (¢) | E105: What you'd actually PAY for YES.
A106: Kalshi NO bid (¢)
A107: Kalshi NO ask (¢) | E107: What you'd actually PAY for NO.
A108: Depth per side (contracts) | E108: Drives the capacity cap. ~$1–3k book historically.
A109: Bankroll ($) | E109: For Kelly sizing.
A110: Contracts n (for fee calc)
A111: Current position (+NO / −YES, contracts)
A113: Market-implied P(YES) (from YES ask) | C113: =IF($C$105="","",$C$105/100) | E113: Executable, not mid.
A114: P_low — conservative for BUYING YES | C114: =IF(OR($C$100="",$C$97=""),"",MIN($C$100,$C$97)) | E114: Pessimistic bound: never size YES off the optimistic tail.
A115: P_high — conservative for BUYING NO | C115: =IF(OR($C$100="",$C$97=""),"",MAX($C$100,$C$97)) | E115: Pessimistic bound for the NO side.
A116: Fair YES (conservative) ¢ | C116: =IF($C$114="","",$C$114*100)
A117: Fair NO (conservative) ¢ | C117: =IF($C$115="","",(1-$C$115)*100)
A118: EDGE YES = fair_YES − YES_ask (¢) | C118: =IF(OR($C$116="",$C$105=""),"",$C$116-$C$105) | E118: ≥3¢ to act.
A119: EDGE NO = fair_NO − NO_ask (¢) | C119: =IF(OR($C$117="",$C$107=""),"",$C$117-$C$107) | E119: ≥3¢ to act.
A120: Fee YES (¢ total, n contracts) | C120: =IF(OR($C$110="",$C$105=""),"",CEILING(0.07*$C$110*($C$105/100)*(1-$C$105/100),1)) | E120: Kalshi taker fee peaks at p≈0.5 — a coin-flip is the costliest trade.
A121: Fee NO (¢ total, n contracts) | C121: =IF(OR($C$110="",$C$107=""),"",CEILING(0.07*$C$110*($C$107/100)*(1-$C$107/100),1))
A122: EV per contract, BUY YES (¢ after fee) | C122: =IF(OR($C$118="",$C$110="",$C$110=0),"",$C$118-$C$120/$C$110)
A123: EV per contract, BUY NO (¢ after fee) | C123: =IF(OR($C$119="",$C$110="",$C$110=0),"",$C$119-$C$121/$C$110)
A124: Kelly f (full) — YES | C124: =IF(OR($C$114="",$C$105=""),"",IFERROR(($C$114*((100-$C$105)/$C$105)-(1-$C$114))/((100-$C$105)/$C$105),"")) | E124: f = (p·b−(1−p))/b, b = (1−price)/price.
A125: Kelly f (full) — NO | C125: =IF(OR($C$115="",$C$107=""),"",IFERROR(((1-$C$115)*((100-$C$107)/$C$107)-$C$115)/((100-$C$107)/$C$107),""))
C126: =IF($C$124="","",MAX(0,$C$124/4))
C127: =IF($C$125="","",MAX(0,$C$125/4))
A128: STAKE YES $ = min(¼K·bankroll, depth/3·price, $300 cap) | C128: =IF(OR($C$126="",$C$109="",$C$108="",$C$105=""),"",MIN($C$126*$C$109,$C$108/3*$C$105/100,300))
A129: STAKE NO $ = min(¼K·bankroll, depth/3·price, $300 cap) | C129: =IF(OR($C$127="",$C$109="",$C$108="",$C$107=""),"",MIN($C$127*$C$109,$C$108/3*$C$107/100,300))
...

Sheet ENS_members_raw
A1: 51-MEMBER ECMWF IFS ENS — the honest core of P(YES)
A2: Paste each member's FULL-AUGUST ERA5-mean estimate into column B (from ens_spread.py → member_july_mean_era5 equivalent for August). Everything else computes.
A3: WHY members, not one path: a point estimate near a threshold LIES. The member spread carries the real tail mass (July 2026: a deterministic 0.0% hid a true ~25%).
A5: Member # | B5: Full-Aug ERA5 mean °C (INPUT) | C5: μ_NOAA | D5: σ_member | E5: P(YES) member | F5: Central breach? | G5: μ_GISTEMP | H5: P(YES) GIS member
A6: 1 | C6: =IF(ISNUMBER($B6),Aug2026_Live!$C$22+Aug2026_Live!$C$23*$B6,"") | D6: =IF(ISNUMBER($B6),IFERROR(SQRT((Aug2026_Live!$C$23*Aug2026_Live!$C$93)^2+Aug2026_Live!$C$24^2),""),"") | E6: =IF(OR($C6="",$D6="",$D6=0),"",1-NORMSDIST((Aug2026_Live!$C$17-$C6)/$D6)) | F6: =IF(ISNUMBER($B6),IF($B6>=Aug2026_Live!$C$26,1,0),"") | G6: =IF(ISNUMBER($B6),Aug2026_Live!$C$42+Aug2026_Live!$E$42*$B6,"") | H6: =IFERROR(IF(OR($G6="",Aug2026_Live!$C$93=""),"",1-NORMSDIST((Aug2026_Live!$C$41-$G6)/SQRT((Aug2026_Live!$E$42*Aug2026_Live!$C$93)^2+Aug2026_Live!$G$42^2))),"")
A7: 2 | C7: =IF(ISNUMBER($B7),Aug2026_Live!$C$22+Aug2026_Live!$C$23*$B7,"") | D7: =IF(ISNUMBER($B7),IFERROR(SQRT((Aug2026_Live!$C$23*Aug2026_Live!$C$93)^2+Aug2026_Live!$C$24^2),""),"") | E7: =IF(OR($C7="",$D7="",$D7=0),"",1-NORMSDIST((Aug2026_Live!$C$17-$C7)/$D7)) | F7: =IF(ISNUMBER($B7),IF($B7>=Aug2026_Live!$C$26,1,0),"") | G7: =IF(ISNUMBER($B7),Aug2026_Live!$C$42+Aug2026_Live!$E$42*$B7,"") | H7: =IFERROR(IF(OR($G7="",Aug2026_Live!$C$93=""),"",1-NORMSDIST((Aug2026_Live!$C$41-$G7)/SQRT((Aug2026_Live!$E$42*Aug2026_Live!$C$93)^2+Aug2026_Live!$G$42^2))),"")
A8: 3 | C8: =IF(ISNUMBER($B8),Aug2026_Live!$C$22+Aug2026_Live!$C$23*$B8,"") | D8: =IF(ISNUMBER($B8),IFERROR(SQRT((Aug2026_Live!$C$23*Aug2026_Live!$C$93)^2+Aug2026_Live!$C$24^2),""),"") | E8: =IF(OR($C8="",$D8="",$D8=0),"",1-NORMSDIST((Aug2026_Live!$C$17-$C8)/$D8)) | F8: =IF(ISNUMBER($B8),IF($B8>=Aug2026_Live!$C$26,1,0),"") | G8: =IF(ISNUMBER($B8),Aug2026_Live!$C$42+Aug2026_Live!$E$42*$B8,"") | H8: =IFERROR(IF(OR($G8="",Aug2026_Live!$C$93=""),"",1-NORMSDIST((Aug2026_Live!$C$41-$G8)/SQRT((Aug2026_Live!$E$42*Aug2026_Live!$C$93)^2+Aug2026_Live!$G$42^2))),"")
A9: 4 | C9: =IF(ISNUMBER($B9),Aug2026_Live!$C$22+Aug2026_Live!$C$23*$B9,"") | D9: =IF(ISNUMBER($B9),IFERROR(SQRT((Aug2026_Live!$C$23*Aug2026_Live!$C$93)^2+Aug2026_Live!$C$24^2),""),"") | E9: =IF(OR($C9="",$D9="",$D9=0),"",1-NORMSDIST((Aug2026_Live!$C$17-$C9)/$D9)) | F9: =IF(ISNUMBER($B9),IF($B9>=Aug2026_Live!$C$26,1,0),"") | G9: =IF(ISNUMBER($B9),Aug2026_Live!$C$42+Aug2026_Live!$E$42*$B9,"") | H9: =IFERROR(IF(OR($G9="",Aug2026_Live!$C$93=""),"",1-NORMSDIST((Aug2026_Live!$C$41-$G9)/SQRT((Aug2026_Live!$E$42*Aug2026_Live!$C$93)^2+Aug2026_Live!$G$42^2))),"")
A10: 5 | C10: =IF(ISNUMBER($B10),Aug2026_Live!$C$22+Aug2026_Live!$C$23*$B10,"") | D10: =IF(ISNUMBER($B10),IFERROR(SQRT((Aug2026_Live!$C$23*Aug2026_Live!$C$93)^2+Aug2026_Live!$C$24^2),""),"") | E10: =IF(OR($C10="",$D10="",$D10=0),"",1-NORMSDIST((Aug2026_Live!$C$17-$C10)/$D10)) | F10: =IF(ISNUMBER($B10),IF($B10>=Aug2026_Live!$C$26,1,0),"") | G10: =IF(ISNUMBER($B10),Aug2026_Live!$C$42+Aug2026_Live!$E$42*$B10,"") | H10: =IFERROR(IF(OR($G10="",Aug2026_Live!$C$93=""),"",1-NORMSDIST((Aug2026_Live!$C$41-$G10)/SQRT((Aug2026_Live!$E$42*Aug2026_Live!$C$93)^2+Aug2026_Live!$G$42^2))),"")
A11: 6 | C11: =IF(ISNUMBER($B11),Aug2026_Live!$C$22+Aug2026_Live!$C$23*$B11,"") | D11: =IF(ISNUMBER($B11),IFERROR(SQRT((Aug2026_Live!$C$23*Aug2026_Live!$C$93)^2+Aug2026_Live!$C$24^2),""),"") | E11: =IF(OR($C11="",$D11="",$D11=0),"",1-NORMSDIST((Aug2026_Live!$C$17-$C11)/$D11)) | F11: =IF(ISNUMBER($B11),IF($B11>=Aug2026_Live!$C$26,1,0),"") | G11: =IF(ISNUMBER($B11),Aug2026_Live!$C$42+Aug2026_Live!$E$42*$B11,"") | H11: =IFERROR(IF(OR($G11="",Aug2026_Live!$C$93=""),"",1-NORMSDIST((Aug2026_Live!$C$41-$G11)/SQRT((Aug2026_Live!$E$42*Aug2026_Live!$C$93)^2+Aug2026_Live!$G$42^2))),"")
A12: 7 | C12: =IF(ISNUMBER($B12),Aug2026_Live!$C$22+Aug2026_Live!$C$23*$B12,"") | D12: =IF(ISNUMBER($B12),IFERROR(SQRT((Aug2026_Live!$C$23*Aug2026_Live!$C$93)^2+Aug2026_Live!$C$24^2),""),"") | E12: =IF(OR($C12="",$D12="",$D12=0),"",1-NORMSDIST((Aug2026_Live!$C$17-$C12)/$D12)) | F12: =IF(ISNUMBER($B12),IF($B12>=Aug2026_Live!$C$26,1,0),"") | G12: =IF(ISNUMBER($B12),Aug2026_Live!$C$42+Aug2026_Live!$E$42*$B12,"") | H12: =IFERROR(IF(OR($G12="",Aug2026_Live!$C$93=""),"",1-NORMSDIST((Aug2026_Live!$C$41-$G12)/SQRT((Aug2026_Live!$E$42*Aug2026_Live!$C$93)^2+Aug2026_Live!$G$42^2))),"")
A13: 8 | C13: =IF(ISNUMBER($B13),Aug2026_Live!$C$22+Aug2026_Live!$C$23*$B13,"") | D13: =IF(ISNUMBER($B13),IFERROR(SQRT((Aug2026_Live!$C$23*Aug2026_Live!$C$93)^2+Aug2026_Live!$C$24^2),""),"") | E13: =IF(OR($C13="",$D13="",$D13=0),"",1-NORMSDIST((Aug2026_Live!$C$17-$C13)/$D13)) | F13: =IF(ISNUMBER($B13),IF($B13>=Aug2026_Live!$C$26,1,0),"") | G13: =IF(ISNUMBER($B13),Aug2026_Live!$C$42+Aug2026_Live!$E$42*$B13,"") | H13: =IFERROR(IF(OR($G13="",Aug2026_Live!$C$93=""),"",1-NORMSDIST((Aug2026_Live!$C$41-$G13)/SQRT((Aug2026_Live!$E$42*Aug2026_Live!$C$93)^2+Aug2026_Live!$G$42^2))),"")
A14: 9 | C14: =IF(ISNUMBER($B14),Aug2026_Live!$C$22+Aug2026_Live!$C$23*$B14,"") | D14: =IF(ISNUMBER($B14),IFERROR(SQRT((Aug2026_Live!$C$23*Aug2026_Live!$C$93)^2+Aug2026_Live!$C$24^2),""),"") | E14: =IF(OR($C14="",$D14="",$D14=0),"",1-NORMSDIST((Aug2026_Live!$C$17-$C14)/$D14)) | F14: =IF(ISNUMBER($B14),IF($B14>=Aug2026_Live!$C$26,1,0),"") | G14: =IF(ISNUMBER($B14),Aug2026_Live!$C$42+Aug2026_Live!$E$42*$B14,"") | H14: =IFERROR(IF(OR($G14="",Aug2026_Live!$C$93=""),"",1-NORMSDIST((Aug2026_Live!$C$41-$G14)/SQRT((Aug2026_Live!$E$42*Aug2026_Live!$C$93)^2+Aug2026_Live!$G$42^2))),"")
A15: 10 | C15: =IF(ISNUMBER($B15),Aug2026_Live!$C$22+Aug2026_Live!$C$23*$B15,"") | D15: =IF(ISNUMBER($B15),IFERROR(SQRT((Aug2026_Live!$C$23*Aug2026_Live!$C$93)^2+Aug2026_Live!$C$24^2),""),"") | E15: =IF(OR($C15="",$D15="",$D15=0),"",1-NORMSDIST((Aug2026_Live!$C$17-$C15)/$D15)) | F15: =IF(ISNUMBER($B15),IF($B15>=Aug2026_Live!$C$26,1,0),"") | G15: =IF(ISNUMBER($B15),Aug2026_Live!$C$42+Aug2026_Live!$E$42*$B15,"") | H15: =IFERROR(IF(OR($G15="",Aug2026_Live!$C$93=""),"",1-NORMSDIST((Aug2026_Live!$C$41-$G15)/SQRT((Aug2026_Live!$E$42*Aug2026_Live!$C$93)^2+Aug2026_Live!$G$42^2))),"")
A16: 11 | C16: =IF(ISNUMBER($B16),Aug2026_Live!$C$22+Aug2026_Live!$C$23*$B16,"") | D16: =IF(ISNUMBER($B16),IFERROR(SQRT((Aug2026_Live!$C$23*Aug2026_Live!$C$93)^2+Aug2026_Live!$C$24^2),""),"") | E16: =IF(OR($C16="",$D16="",$D16=0),"",1-NORMSDIST((Aug2026_Live!$C$17-$C16)/$D16)) | F16: =IF(ISNUMBER($B16),IF($B16>=Aug2026_Live!$C$26,1,0),"") | G16: =IF(ISNUMBER($B16),Aug2026_Live!$C$42+Aug2026_Live!$E$42*$B16,"") | H16: =IFERROR(IF(OR($G16="",Aug2026_Live!$C$93=""),"",1-NORMSDIST((Aug2026_Live!$C$41-$G16)/SQRT((Aug2026_Live!$E$42*Aug2026_Live!$C$93)^2+Aug2026_Live!$G$42^2))),"")
A17: 12 | C17: =IF(ISNUMBER($B17),Aug2026_Live!$C$22+Aug2026_Live!$C$23*$B17,"") | D17: =IF(ISNUMBER($B17),IFERROR(SQRT((Aug2026_Live!$C$23*Aug2026_Live!$C$93)^2+Aug2026_Live!$C$24^2),""),"") | E17: =IF(OR($C17="",$D17="",$D17=0),"",1-NORMSDIST((Aug2026_Live!$C$17-$C17)/$D17)) | F17: =IF(ISNUMBER($B17),IF($B17>=Aug2026_Live!$C$26,1,0),"") | G17: =IF(ISNUMBER($B17),Aug2026_Live!$C$42+Aug2026_Live!$E$42*$B17,"") | H17: =IFERROR(IF(OR($G17="",Aug2026_Live!$C$93=""),"",1-NORMSDIST((Aug2026_Live!$C$41-$G17)/SQRT((Aug2026_Live!$E$42*Aug2026_Live!$C$93)^2+Aug2026_Live!$G$42^2))),"")
... A56: 51 | C56: =IF(ISNUMBER($B56),Aug2026_Live!$C$22+Aug2026_Live!$C$23*$B56,"") | D56: =IF(ISNUMBER($B56),IFERROR(SQRT((Aug2026_Live!$C$23*Aug2026_Live!$C$93)^2+Aug2026_Live!$C$24^2),""),"") | E56: =IF(OR($C56="",$D56="",$D56=0),"",1-NORMSDIST((Aug2026_Live!$C$17-$C56)/$D56)) | F56: =IF(ISNUMBER($B56),IF($B56>=Aug2026_Live!$C$26,1,0),"") | G56: =IF(ISNUMBER($B56),Aug2026_Live!$C$42+Aug2026_Live!$E$42*$B56,"") | H56: =IFERROR(IF(OR($G56="",Aug2026_Live!$C$93=""),"",1-NORMSDIST((Aug2026_Live!$C$41-$G56)/SQRT((Aug2026_Live!$E$42*Aug2026_Live!$C$93)^2+Aug2026_Live!$G$42^2))),"")
A58: Members loaded | B58: =COUNT($B$6:$B$56) -> 0
A59: Median member ERA5 | B59: =IFERROR(MEDIAN($B$6:$B$56),"")
A60: Min / Max member | B60: =IFERROR(MIN($B$6:$B$56),"") -> 0 | C60: =IFERROR(MAX($B$6:$B$56),"") -> 0
A61: Member spread σ (measured) | B61: =IFERROR(STDEV($B$6:$B$56),"")
A62: Members whose CENTRAL path breaks the record | B62: =IFERROR(SUM($F$6:$F$56),"") -> 0
A64: P(YES) ENSEMBLE — NOAA ▶ headline | E64: =IFERROR(AVERAGE($E$6:$E$56),"") | G64: P(YES) GISTEMP ▶ | H64: =IFERROR(AVERAGE($H$6:$H$56),"")
A66: Member-average of per-member tail probabilities — NOT the tail of the average (Jensen: the threshold tail is convex, so averaging probabilities > probability at the average).

Sheet Fcst_log
A1: FORECAST-RUN LOG — when a surge ENTERS the model (the lead-time edge)
A2: The fundamental leads the market price by ~2–3 days (July 2026: surge entered the 15 Jul 11:40Z run; price spiked 18 Jul).
A3: USE: a RISING remaining-days mean here = early BUY-YES signal before the tape moves. A price spike with NO new high here = FADE signal (liquidity vacuum, not information).
A5: Pulled (UTC) | B5: Model | C5: Run cycle | D5: Remaining-days mean anomaly °C | E5: Δ vs prior same model | F5: Signal | G5: Note
F6: =IF($E6="","",IF($E6>0.03,"▲ SURGE ENTERING — early YES signal",IF($E6<-0.03,"▼ COOLING — NO side strengthens","flat")))
E7: =IF($D7="","",IFERROR($D7-LOOKUP(2,1/($B$6:$B6=$B7),$D$6:$D6),"")) | F7: =IF($E7="","",IF($E7>0.03,"▲ SURGE ENTERING — early YES signal",IF($E7<-0.03,"▼ COOLING — NO side strengthens","flat")))
E8: =IF($D8="","",IFERROR($D8-LOOKUP(2,1/($B$6:$B7=$B8),$D$6:$D7),"")) | F8: =IF($E8="","",IF($E8>0.03,"▲ SURGE ENTERING — early YES signal",IF($E8<-0.03,"▼ COOLING — NO side strengthens","flat")))
E9: =IF($D9="","",IFERROR($D9-LOOKUP(2,1/($B$6:$B8=$B9),$D$6:$D8),"")) | F9: =IF($E9="","",IF($E9>0.03,"▲ SURGE ENTERING — early YES signal",IF($E9<-0.03,"▼ COOLING — NO side strengthens","flat")))
E10: =IF($D10="","",IFERROR($D10-LOOKUP(2,1/($B$6:$B9=$B10),$D$6:$D9),"")) | F10: =IF($E10="","",IF($E10>0.03,"▲ SURGE ENTERING — early YES signal",IF($E10<-0.03,"▼ COOLING — NO side strengthens","flat")))
E11: =IF($D11="","",IFERROR($D11-LOOKUP(2,1/($B$6:$B10=$B11),$D$6:$D10),"")) | F11: =IF($E11="","",IF($E11>0.03,"▲ SURGE ENTERING — early YES signal",IF($E11<-0.03,"▼ COOLING — NO side strengthens","flat")))
E12: =IF($D12="","",IFERROR($D12-LOOKUP(2,1/($B$6:$B11=$B12),$D$6:$D11),"")) | F12: =IF($E12="","",IF($E12>0.03,"▲ SURGE ENTERING — early YES signal",IF($E12<-0.03,"▼ COOLING — NO side strengthens","flat")))
E13: =IF($D13="","",IFERROR($D13-LOOKUP(2,1/($B$6:$B12=$B13),$D$6:$D12),"")) | F13: =IF($E13="","",IF($E13>0.03,"▲ SURGE ENTERING — early YES signal",IF($E13<-0.03,"▼ COOLING — NO side strengthens","flat")))
E14: =IF($D14="","",IFERROR($D14-LOOKUP(2,1/($B$6:$B13=$B14),$D$6:$D13),"")) | F14: =IF($E14="","",IF($E14>0.03,"▲ SURGE ENTERING — early YES signal",IF($E14<-0.03,"▼ COOLING — NO side strengthens","flat")))
E15: =IF($D15="","",IFERROR($D15-LOOKUP(2,1/($B$6:$B14=$B15),$D$6:$D14),"")) | F15: =IF($E15="","",IF($E15>0.03,"▲ SURGE ENTERING — early YES signal",IF($E15<-0.03,"▼ COOLING — NO side strengthens","flat")))
E16: =IF($D16="","",IFERROR($D16-LOOKUP(2,1/($B$6:$B15=$B16),$D$6:$D15),"")) | F16: =IF($E16="","",IF($E16>0.03,"▲ SURGE ENTERING — early YES signal",IF($E16<-0.03,"▼ COOLING — NO side strengthens","flat")))
E17: =IF($D17="","",IFERROR($D17-LOOKUP(2,1/($B$6:$B16=$B17),$D$6:$D16),"")) | F17: =IF($E17="","",IF($E17>0.03,"▲ SURGE ENTERING — early YES signal",IF($E17<-0.03,"▼ COOLING — NO side strengthens","flat")))
E18: =IF($D18="","",IFERROR($D18-LOOKUP(2,1/($B$6:$B17=$B18),$D$6:$D17),"")) | F18: =IF($E18="","",IF($E18>0.03,"▲ SURGE ENTERING — early YES signal",IF($E18<-0.03,"▼ COOLING — NO side strengthens","flat")))
... E125: =IF($D125="","",IFERROR($D125-LOOKUP(2,1/($B$6:$B124=$B125),$D$6:$D124),"")) | F125: =IF($E125="","",IF($E125>0.03,"▲ SURGE ENTERING — early YES signal",IF($E125<-0.03,"▼ COOLING — NO side strengthens","flat")))
